paso,filas,columnas,segundos
EliminadorColumnaVacia(orig_rec),20103,116,0.01405
SeleccionadorColumnas(columnas de análisis),20103,11,0.00355
MarcadorFaltantes(bandera de faltantes),20103,13,0.00555
TratamientoFaltantes(faltantes),20103,13,0.00109
CastearCodigos(códigos a Int64),20103,13,0.00354
ConversorOrdinal(escalas ordinales),20103,13,0.00257
CodificadorOneHot(raceeth_cod),20103,21,0.00529
IndicadorBinario(sexo_cod),20103,22,0.00589
IndicadorBinario(salud_mental_cod),20103,23,0.0059
IndicadorBinario(redes_sociales_cod),20103,24,0.00637
IndicadorBinario(sueno_cod),20103,25,0.00618
IndicadorBinario(actividad_fisica_cod),20103,26,0.0067
