dato_original,problema,criterio,resultado,validacion
q6orig,Mezcla números y texto ('N N'),Declarar dtype string en la lectura,341 valores 'N N' conservados como texto,Sección 4.1
orig_rec,100 % de nulos,Eliminar columnas sin ningún dato,117 → 116 columnas,assert de 100 % antes de eliminar
117 columnas,La mayoría no responde a la pregunta,Selección por código (COLUMNAS_ANALISIS),"116 → 11 columnas, 20.103 filas","assert de forma (20103, 11)"
7 variables de análisis,45.6 % de filas con algún faltante,Faltantes no aleatorios (posición y edad): no imputar ni eliminar,NA conservados; bandera caso_completo (10941 casos),Nulos idénticos antes y después
Códigos float64,Enteros guardados como decimales,Casting a Int64 nullable,7 columnas Int64,castear_codigos lanza error ante no enteros
Escalas ordinales,El orden no está declarado en el tipo,Categorical ordenado (orden del codebook),5 columnas ordinales,Nulos idénticos tras convertir
raceeth,Nominal de 8 categorías codificada 1-8,One-hot con nombres declarados,"8 columnas 0/1, <NA> donde falta",Suma 1 por fila con dato
Puntos de corte CDC,Escalas largas difíciles de comparar,Indicadores 0/1 con cortes del CDC,5 indicadores,Coherencia con el código de origen
weight,"2330 atípicos por RIC, asimetría 2.0","Es el diseño muestral, no un error",Sin recorte ni escalamiento,Escaladores producen pesos negativos
