termino,coef,ee,odds_ratio,ic_inf,ic_sup,p_valor,etiqueta
intercepto,-1.4612,0.2483,0.23,0.14,0.38,0.0,
redes_sociales_cod=2,0.0061,0.316,1.01,0.54,1.89,0.9846,Redes: pocas veces al mes
redes_sociales_cod=3,0.0187,0.4175,1.02,0.44,2.34,0.9644,Redes: una vez a la semana
redes_sociales_cod=4,0.6362,0.2728,1.89,1.1,3.25,0.0225,Redes: pocas veces a la semana
redes_sociales_cod=5,0.5237,0.3059,1.69,0.92,3.11,0.0911,Redes: una vez al día
redes_sociales_cod=6,0.7064,0.2307,2.03,1.28,3.21,0.0031,Redes: varias veces al día
redes_sociales_cod=7,0.9478,0.2622,2.58,1.53,4.35,0.0006,Redes: una vez por hora
redes_sociales_cod=8,0.8942,0.2276,2.45,1.55,3.85,0.0002,Redes: más de una vez por hora
raceeth_cod=1,0.9203,0.6426,2.51,0.7,9.03,0.1563,
raceeth_cod=2,-0.4545,0.1971,0.63,0.43,0.94,0.0239,
raceeth_cod=3,-0.3754,0.1426,0.69,0.52,0.91,0.0104,
raceeth_cod=4,-0.5199,0.6724,0.59,0.16,2.27,0.4419,
raceeth_cod=6,-0.6212,0.1453,0.54,0.4,0.72,0.0001,
raceeth_cod=7,-0.2374,0.0902,0.79,0.66,0.94,0.0104,
raceeth_cod=8,-0.1803,0.1283,0.84,0.65,1.08,0.1642,
sexo_femenino,0.9205,0.077,2.51,2.15,2.93,0.0,Sexo femenino
edad_cod,-0.0448,0.0282,0.96,0.9,1.01,0.1164,Edad (por año)
sueno_8h_o_mas,-0.7274,0.0933,0.48,0.4,0.58,0.0,Duerme 8 h o más
actividad_5_dias,-0.2477,0.0843,0.78,0.66,0.92,0.0044,Actividad física ≥ 5 días
