termino,coef,ee,odds_ratio,ic_inf,ic_sup,p_valor
intercepto,-1.0431,0.2173,0.35,0.23,0.54,0.0
raceeth_cod=1,0.9665,0.671,2.63,0.69,10.01,0.154
raceeth_cod=2,-0.4468,0.1947,0.64,0.43,0.94,0.0247
raceeth_cod=3,-0.3616,0.1412,0.7,0.53,0.92,0.0125
raceeth_cod=4,-0.5546,0.6672,0.57,0.15,2.17,0.4085
raceeth_cod=6,-0.5935,0.1443,0.55,0.41,0.74,0.0001
raceeth_cod=7,-0.2245,0.093,0.8,0.66,0.96,0.0183
raceeth_cod=8,-0.1712,0.1268,0.84,0.65,1.09,0.1813
redes_uso_frecuente,0.2935,0.1248,1.34,1.05,1.72,0.0214
sexo_femenino,0.6018,0.1399,1.83,1.38,2.41,0.0001
edad_cod,-0.0401,0.027,0.96,0.91,1.01,0.1425
sueno_8h_o_mas,-0.7242,0.0982,0.48,0.4,0.59,0.0
actividad_5_dias,-0.2247,0.0879,0.8,0.67,0.95,0.0127
frecuente_x_femenino,0.3997,0.146,1.49,1.11,2.0,0.0078
