redes_sociales_cod,sexo_cod,n,positivos,pct_muestral,pct_ponderado,ee,ic_inf,ic_sup,deff
1,1,293,80,27.3,20.9,4.22,13.8,30.6,3.15
1,2,485,79,16.3,12.6,2.04,9.1,17.3,1.84
2,1,89,22,24.7,17.2,6.87,7.4,35.2,2.95
2,2,213,30,14.1,13.2,4.39,6.6,24.6,3.58
3,1,80,17,21.2,20.1,9.37,7.3,44.6,4.36
3,2,92,20,21.7,19.6,4.34,12.3,29.7,1.1
4,1,240,85,35.4,32.1,4.02,24.7,40.6,1.78
4,2,294,53,18.0,21.4,3.28,15.6,28.7,1.88
5,1,236,82,34.7,31.2,4.59,22.8,41.0,2.32
5,2,434,80,18.4,17.3,2.27,13.2,22.3,1.56
6,1,2361,955,40.4,37.9,1.7,34.6,41.4,2.9
6,2,2213,432,19.5,19.3,1.4,16.7,22.3,2.8
7,1,382,176,46.1,46.2,4.06,38.3,54.3,2.53
7,2,472,101,21.4,20.5,3.06,15.1,27.3,2.71
8,1,2015,922,45.8,44.1,1.84,40.5,47.8,2.76
8,2,1655,373,22.5,20.1,1.65,17.0,23.5,2.8
